ox_mass_profile,ox_lateral_damping_ratios,ox_axial_damping_ratios,fu_mass_profile,fu_lateral_damping_ratios,fu_axial_damping_ratios
0.1,0.0387806927112015,0.0260014478361425,0.1,0.0374392096151054,0.0459411368119311
0.179899497487437,0.0414086020913635,0.0123696850814086,0.164824120603015,0.0380740496314663,0.0242689341540672
0.259798994974874,0.044367751860984,0.00770949948766304,0.22964824120603,0.0391495240181231,0.015727408645088
0.339698492462312,0.0474880442065523,0.00541816364005679,0.294472361809045,0.0403683277099364,0.0112510313736163
0.419597989949749,0.050703869340585,0.00407382424230019,0.35929648241206,0.041613615996986,0.00852897403355652
0.499497487437186,0.0539785010381049,0.00319785414553528,0.424120603015075,0.0428261699678443,0.00671659497791944
0.579396984924623,0.0572867514220048,0.025074996882075,0.48894472361809,0.0439726816975215,0.00543526739420486
0.65929648241206,0.0606088654287664,0.0535574992919523,0.553768844221106,0.0450342968192107,0.00449084101717507
0.739195979899497,0.0639277373115027,0.0839139495669716,0.618592964824121,0.0460013527191174,0.00377365389084289
0.819095477386935,0.0672275187805445,0.115371711800024,0.683417085427136,0.0468704335306441,0.00321702957398746
0.898994974874372,0.070493032588741,0.14731603060731,0.748241206030151,0.047642451533152,0.00277799101673631
0.978894472361809,0.0737097379350412,0.173827733728462,0.813065326633166,0.0482664692078051,0.00242749304277959
1.05879396984925,0.0768640530197524,0.162899835033931,0.877889447236181,0.0487045681537141,0.00214512644651283
1.13869346733668,0.0799368273927979,0.15229943139593,0.942713567839196,0.0490666315694422,0.00191608153771533
1.21859296482412,0.0828834407709017,0.14263934433349,1.00753768844221,0.0493594428405728,0.00172932300021825
1.29849246231156,0.0857383786746629,0.133582774376134,1.07236180904523,0.0495900316775448,0.00157644696839806
1.378391959799,0.0884953803096444,0.125832366259701,1.13718592964824,0.0497653444570483,0.00145093883739026
1.45829145728643,0.0911499530120541,0.112332842095464,1.20201005025126,0.0498920233847278,0.0013476752827367
1.53819095477387,0.0936988394395675,0.131296360997148,1.26683417085427,0.0499762688027449,0.00126258008664854
1.61809045226131,0.096139425473841,0.163477475740242,1.33165829145729,0.0500237633593242,0.00119237979545334
1.69798994974874,0.098469237647816,0.193927119154177,1.3964824120603,0.0500396407587294,0.00113442601057633
1.77788944723618,0.100685649543283,0.223401434430534,1.46130653266332,0.0500284854099545,0.00108656333222357
1.85778894472362,0.102785855646751,0.2516972781667,1.52613065326633,0.0499943524332837,0.00104702935496925
1.93768844221106,0.10476709647368,0.278286070947375,1.59095477386935,0.0499646139767518,0.00101437768360644
2.01758793969849,0.106627051362344,0.262124075286936,1.65577889447236,0.0500457860801803,0.000987417831892125
2.09748743718593,0.1083642737377,0.24580864208055,1.72060301507538,0.0501117099428638,0.000965167740338631
2.17738693467337,0.109978538651331,0.230378711377248,1.78542713567839,0.0501648914973393,0.00094681588758704
2.2572864321608,0.111472590643269,0.215949779587781,1.85025125628141,0.0502074808017381,0.000931690805291544
2.33718592964824,0.112893037269292,0.203026509437189,1.91507537688442,0.0502413131868016,0.000919236381309753
2.41708542713568,0.114197220921406,0.183964929329469,1.97989949748744,0.0502679471296158,0.000908991739328758
2.49698492462312,0.115389342308714,0.190683398201482,2.04472361809045,0.0502886988966717,0.000900574771404788
2.57688442211055,0.116473807728683,0.219120173765932,2.10954773869347,0.0503046741632928,0.00089366860977337
2.65678391959799,0.117454879934583,0.245228269285238,2.17437185929648,0.0503167968726676,0.000888010479664263
2.73668341708543,0.118336482065698,0.270137843371757,2.2391959798995,0.0503258355774739,0.000883382491713576
2.81658291457286,0.119122183075069,0.293876448095887,2.30402010050251,0.0503324274418995,0.00087960402173443
2.8964824120603,0.119815342796679,0.317515883715622,2.36884422110553,0.0503371000011727,0.000876525394543711
2.97638190954774,0.120419354085296,0.300735042502434,2.43366834170854,0.0503402907039493,0.000874022642462233
3.05628140703518,0.120937898666545,0.280725095010161,2.49849246231156,0.0503423642166218,0.000871993151716005
3.13618090452261,0.121375136797841,0.262074414111911,2.56331658291457,0.05034362745486,0.000870352043943162
3.21608040201005,0.121735775831966,0.244628790489784,2.62814070351759,0.0503443423242774,0.000869029167314968
3.29597989949749,0.12202500057953,0.228893408198518,2.6929648241206,0.050344736189907,0.000867966593867433
3.37587939698492,0.122248287321931,0.209449197306754,2.75778894472362,0.0503450101405535,0.000867116537610904
3.45577889447236,0.122411152633533,0.206594084194197,2.82261306532663,0.050345345156621,0.000866439622676484
3.5356783919598,0.122518900981376,0.234038626485073,2.88743718592965,0.050345906319315,0.000865903442817822
3.61557788944724,0.122576429847943,0.258116817088644,2.95226130653266,0.0503468452103696,0.000865481363519905
3.69547738693467,0.122588131219726,0.281683923606145,3.01708542713568,0.0503483006447006,0.000865151526171419
3.77537688442211,0.122557900342624,0.303946762248257,3.08190954773869,0.0503503978578382,0.00086489602055064
3.85527638190955,0.122489234569616,0.326084096421718,3.14673366834171,0.0503532462429532,0.000864700197510588
3.93517587939699,0.122385384117534,0.31287266862539,3.21155778894472,0.0503785166543502,0.000864552098431997
4.01507537688442,0.122249507446813,0.291638355618884,3.27638190954774,0.0504110763741125,0.000864441981908699
4.09497487437186,0.122084788152703,0.271738130263444,3.34120603015075,0.0504445339968227,0.000864361931374839
4.1748743718593,0.121894485388554,0.253402417900699,3.40603015075377,0.0504788911808283,0.000864305530087954
4.25477386934673,0.121681910770285,0.236647934567025,3.47085427135678,0.0505141028924176,0.000864267592137715
4.33467336683417,0.121450345160345,0.218888707022132,3.5356783919598,0.050550068702965,0.000864243940032336
4.41457286432161,0.121202923277673,0.207672621736395,3.60050251256281,0.0505866241445081,0.000864231220985724
4.49447236180904,0.120942519621451,0.23563847031645,3.66532663316583,0.0506235329648036,0.000864226755339986
4.57437185929648,0.120678800410806,0.259400269141909,3.73015075376884,0.0506604813976377,0.000864228411652914
4.65427135678392,0.120408391453252,0.282514104019242,3.79497487437186,0.0506970758073744,0.000864234503894283
4.73417085427136,0.120131474355441,0.30452767185172,3.85979899497487,0.0507328452028768,0.00086424370695794
4.81407035175879,0.119849560064739,0.326262506952146,3.92462311557789,0.0507672500507732,0.000864254987333678
4.89396984924623,0.11956395994874,0.317544611072357,3.9894472361809,0.0507996984574513,0.000864267546314361
4.97386934673367,0.119275876854435,0.295944969215863,4.05427135678392,0.050829570071972,0.0416042406638778
5.05376884422111,0.118986475558346,0.27568298614536,4.11909547738694,0.0508562470018756,0.102664685786357
5.13366834170854,0.118696918966871,0.257024916997164,4.18391959798995,0.0508791497548873,0.155633559398521
5.21356783919598,0.118408366837427,0.239700595998513,4.24874371859296,0.050897774965212,0.202663023858085
5.29346733668342,0.118121943798612,0.224217929840254,4.31356783919598,0.0509117307565735,0.245144759797513
5.37336683417085,0.117838690465936,0.205570779192939,4.37839195979899,0.0509207653474544,0.250796105385947
5.45326633165829,0.11755951404619,0.233743161071227,4.44321608040201,0.0509247851005521,0.237731823286137
5.53316582914573,0.117285152932532,0.257728795795146,4.50804020100503,0.0509238596185587,0.224458472510997
5.61306532663317,0.117016164489911,0.280890229855637,4.57286432160804,0.050918213409638,0.211385085166742
5.6929648241206,0.116752938264508,0.302833609854888,4.63768844221106,0.0509082056414801,0.2001521578288
5.77286432160804,0.116495730128056,0.324434248109626,4.70251256281407,0.0508943011091045,0.169752936491734
5.85276381909548,0.116244708014041,0.320419147312656,4.76733668341709,0.0508778566613954,0.139636032119665
5.93266331658291,0.115999997933193,0.298682260880884,4.8321608040201,0.0508599384257867,0.114889714219526
6.01256281407035,0.115761720081332,0.278179522084939,4.89698492462312,0.0508398130494356,0.0945562708381667
6.09246231155779,0.115530008468751,0.259289367928684,4.96180904522613,0.0508180393397243,0.0778487755791928
6.17236180904523,0.115305012394455,0.241713659378487,5.02663316582915,0.0507951352256858,0.0641206316316138
6.25226130653266,0.115086882827675,0.227401425917941,5.09145728643216,0.0507715644103103,0.0528405470794398
6.3321608040201,0.114875750123796,0.202149979665807,5.15628140703518,0.0507477291289266,0.043571972888172
6.41206030150754,0.114671700806229,0.230979330947126,5.22110552763819,0.0507239679784019,0.0359562077125364
6.49195979899497,0.114474760342126,0.254942962048055,5.28592964824121,0.0507005575946633,0.0296985156060887
6.57185929648241,0.114284886417596,0.278533467495159,5.35075376884422,0.0506777169771875,0.0245567193341121
6.65175879396985,0.114101973984532,0.300600610237925,5.41557788944724,0.0506556134090599,0.020331827812334
6.73165829145729,0.113925870192142,0.322176600845945,5.48040201005025,0.0506343691310722,0.0168603349255213
6.81155778894472,0.113756792911927,0.322912888796968,5.54522613065327,0.0506140681481495,0.0140078916701568
6.89145728643216,0.113594426577451,0.301123229546858,5.61005025125628,0.0505947627456867,0.0116641067185707
6.9713567839196,0.113438326915118,0.280419050907447,5.6748743718593,0.0505764794574829,0.00973827417578199
7.05125628140703,0.11328833817056,0.261374786615288,5.73969849246231,0.0505592243522176,0.00815586318550726
7.13115577889447,0.113144325180776,0.243574039920809,5.80452261306533,0.0505429875946518,0.0068556335274131
7.21105527638191,0.11300616697058,0.228915196800163,5.86934673366834,0.0505277472968566,0.00578726557503607
7.29095477386935,0.112873746056267,0.198400469710327,5.93417085427136,0.0505134727105462,0.00490941289063109
7.37085427135678,0.112746937017392,0.228523379970885,5.99899497487437,0.0505001268303379,0.00418810209004784
7.45075376884422,0.112625597596528,0.252749996488785,6.06381909547739,0.0504876684848195,0.00359541805066192
7.53065326633166,0.112509564518614,0.276100509659584,6.1286432160804,0.0504760539918181,0.00310842357858941
7.6105527638191,0.1123986547497,0.298278368393207,6.19346733668342,0.0504652384493055,0.00270827172530469
7.69045226130653,0.112292671446498,0.319839655785667,6.25829145728643,0.0504551767260828,0.00237947639954717
7.77035175879397,0.112191412738149,0.325311000692839,6.32311557788945,0.0504458242081907,0.0021093130466076
7.85025125628141,0.112094680963146,0.303467503612047,6.38793969849246,0.050437137348784,0.0018873262008251
7.93015075376884,0.112002290125258,0.282570307681046,6.45276381909548,0.0504290740615119,0.00170492485321993
8.01005025125628,0.111914070028101,0.263352359090308,6.51758793969849,0.050421593990527,0.00155504997471064
8.08994974874372,0.111829866558438,0.245504630101551,6.58241206030151,0.0504146586842004,0.00143190132784406
8.16984924623116,0.111749538613182,0.230287241562043,6.64723618090452,0.0504082316944594,0.00133071299447822
8.24974874371859,0.111672952935887,0.200331566390116,6.71206030150754,0.0504022786193198,0.00124756893220133
8.32964824120603,0.1115999784805,0.22564749363641,6.77688442211055,0.0503967671025791,0.00117925142140977
8.40954773869347,0.111530481822101,0.250102829746501,6.84170854271357,0.0503916668016739,0.00112311653785868
8.4894472361809,0.111464324673435,0.273606112649361,6.90653266331658,0.0503869493322763,0.00107699183140169
8.56934673366834,0.111401363903783,0.295904737701081,6.9713567839196,0.0503825881962427,0.00103909225102982
8.64924623115578,0.111341453778886,0.317473688870223,7.03618090452261,0.0503785586979254,0.00100795106246208
8.72914572864322,0.111284449612629,0.327682137630483,7.10100502512563,0.0503748378525686,0.000982363084761106
8.80904522613065,0.111230211755599,0.305829996883176,7.16582914572864,0.0503714042894634,0.000961338049200166
8.88894472361809,0.11117860888086,0.284846366887577,7.23065326633166,0.0503682381516836,0.000944062275345074
8.96884422110553,0.111129519823259,0.265384450423593,7.29547738693467,0.050365320993545,0.000929867181194939
9.04874371859296,0.111082833680465,0.247278336097634,7.36030150753769,0.0503626356763769,0.000918203408707807
9.1286432160804,0.111038448356276,0.231698633658434,7.4251256281407,0.0503601662627801,0.000908619563355461
9.20854271356784,0.110996268093858,0.204066106109615,7.48994974874372,0.050357897909245,0.000900744744917125
9.28844221105528,0.110956200741989,0.222647952603068,7.55477386934673,0.0503558167568511,0.000894274193444717
9.36834170854271,0.11091815885482,0.247586537823797,7.61959798994975,0.0503539098197769,0.000888957494891086
9.44824120603015,0.110882047662827,0.271153686259346,7.68442211055276,0.0503521648715637,0.000884588889952951
9.52814070351759,0.110847772846467,0.293565601733969,7.74924623115578,0.0503505703295485,0.000880999311075757
9.60804020100502,0.110815242255478,0.315141432390846,7.81407035175879,0.0503491306046774,0.000878049839448427
9.68793969849246,0.110784367655394,0.330035743005239,7.87889447236181,0.0503478826498468,0.000875626328770324
9.7678391959799,0.110755065919063,0.308184416973079,7.94371859296482,0.0503467426758919,0.000873634987727421
9.84773869346734,0.110727259482105,0.286984264402168,8.00854271356784,0.0503456985775804,0.000871998750217226
9.92763819095477,0.110700876109337,0.267451293313291,8.07336683417086,0.0503447386811435,0.000870654292848272
10.0075376884422,0.110675848178705,0.249138001734441,8.13819095477387,0.0503438518180972,0.000869549584289857
10.0874371859296,0.110652111756918,0.233220152013664,8.20301507537688,0.0503430274342436,0.000868641871630585
10.1673366834171,0.110629605722988,0.207868802504716,8.2678391959799,0.0503422557249479,0.000867896025816737
10.2472361809045,0.110608271118852,0.219574785682581,8.33266331658291,0.0503415277828665,0.000867283182138054
10.327135678392,0.110588050804713,0.245048933385569,8.39748743718593,0.0503408357405441,0.0507723468746664
10.4070351758794,0.110568889402151,0.268516550656194,8.46231155778895,0.0503401728887745,0.110085577058457
10.4869346733668,0.110550733441775,0.291125454342026,8.52713567839196,0.0503395337530949,0.162377000634396
10.5668341708543,0.110533531603308,0.312795362532934,8.59195979899497,0.0503389141153629,0.208593961876188
10.6467336683417,0.110517234941988,0.332366708848889,8.65678391959799,0.0503383109743848,0.250685806509897
10.7266331658291,0.110501797025916,0.310576956616965,8.721608040201,0.0503377224476775,0.249119182346973
10.8065326633166,0.110487173950698,0.289254487647404,8.78643216080402,0.0503371476240336,0.235903913876244
10.886432160804,0.110473324237229,0.269431854690233,8.85125628140704,0.0503365863821312,0.22272788053996
10.9663316582915,0.110460208646593,0.251204168009844,8.91608040201005,0.0503360391931149,0.209703488826183
11.0462311557789,0.11044778995848,0.234806791163344,8.98090452261306,0.0503355069247185,0.19899100589967
11.1261306532663,0.110436032757365,0.211742155837196,9.04572864321608,0.0503349906616724,0.165362109815979
11.2060301507538,0.110424903257991,0.216449461925961,9.1105527638191,0.0503344915527958,0.136028311040838
11.2859296482412,0.110414369184577,0.242304713822022,9.17537688442211,0.0503340106903813,0.111925418288656
11.3658291457286,0.110404399701772,0.266124370954962,9.24020100502513,0.0503335490231089,0.0921206380254693
11.4457286432161,0.110394965383757,0.288756373942865,9.30502512562814,0.0503331073003346,0.0758475157364709
11.5256281407035,0.110386038202544,0.310442320702593,9.36984924623115,0.0503326860433928,0.0624762737678878
11.605527638191,0.110377591517255,0.332248967425045,9.43467336683417,0.0503322855384667,0.0514894386290738
11.6854271356784,0.110369600051169,0.312949659486296,9.49949748743719,0.0503319058454089,0.0424618145197042
11.7653266331658,0.110362039850361,0.291530570760647,9.5643216080402,0.05033154681733,0.0350440280479344
11.8452261306533,0.110354888224433,0.271594539148802,9.62914572864322,0.0503312081265726,0.0289490073122155
11.9251256281407,0.110348123674749,0.253067715111969,9.69396984924623,0.0503308892936083,0.0239408720807309
12.0050251256281,0.110341725817794,0.236421449873891,9.75879396984925,0.0503305897163134,0.0198258051130521
12.0849246231156,0.110335675311096,0.215687730259997,9.82361809045226,0.0503303086978775,0.016444551339783
12.164824120603,0.110329953787073,0.213265110091989,9.88844221105528,0.0503300454722674,0.0136662546148313
12.2447236180905,0.110324543797359,0.239973783436016,9.95326633165829,0.0503297992266715,0.0113833935196643
12.3246231155779,0.110319428767393,0.26344854810722,10.0180904522613,0.0503295691207205,0.00950762023273386
12.4045226130653,0.11031459295904,0.28638996897429,10.0829145728643,0.0503293543025342,0.00796634142632172
12.4844221105528,0.110310021438093,0.308120435236322,10.1477386934673,0.0503291539217949,0.00669990886986739
12.5643216080402,0.110305700043525,0.329816885347901,10.2125628140704,0.0503289671401443,0.00565931101477739
12.6442211055276,0.110301615356213,0.315336875748759,10.2773869346734,0.0503287931392337,0.00480427622393962
12.7241206030151,0.110297754665962,0.293767034774595,10.3422110552764,0.0503286311267642,0.00410171424001169
12.8040201005025,0.110294105936806,0.273610770486451,10.4070351758794,0.0503284803408405,0.00352443557655856
12.8839195979899,0.11029065777138,0.255045703005272,10.4718592964824,0.0503283400529311,0.00305009927185968
12.9638190954774,0.110287399375556,0.238062899390571,10.5366834170854,0.0503282095696972,0.00266034828295335
13.0437185929648,0.110284320524523,0.219706922346426,10.6015075376884,0.0503280882339155,0.00234009905925145
13.1236180904523,0.110281411531174,0.209915558244366,10.6663316582915,0.0503279754246893,0.00207695780188232
13.2035175879397,0.110278663217205,0.23726815345541,10.7311557788945,0.0503278705571079,0.00186074081771799
13.2834170854271,0.110276066886873,0.260936723290164,10.7959798994975,0.0503277730814897,0.00168308040555565
13.3633165829146,0.110273614303027,0.28385192034361,10.8608040201005,0.050327682482317,0.0015371010220596
13.443216080402,0.110271297664867,0.305762300068281,10.9256281407035,0.0503275982769532,0.00141715319492965
13.5231155778894,0.11026910958688,0.327407009869566,10.9904522613065,0.0503275200142109,0.00131859488560797
13.6030150753769,0.110267043078521,0.317741311176109,11.0552763819095,0.0503274472728297,0.00123761184015586
13.6829145728643,0.110265091524426,0.296083515936927,11.1201005025126,0.0503273796599071,0.0011710699757932
13.7628140703518,0.110263248665087,0.27575873846805,11.1849246231156,0.0503273168093163,0.00111639409038857
13.8427135678392,0.110261508578071,0.257054267875243,11.2497487437186,0.0503272583801389,0.00107146820089912
13.9226130653266,0.110259865659958,0.239741266893904,11.3145728643216,0.0503272040551307,0.00103455365380983
14.0025125628141,0.110258314609137,0.223801115574379,11.3793969849246,0.0503271535392369,0.00100422183840689
14.0824120603015,0.110256850409578,0.206350388364779,11.4442211055276,0.0503271065581654,0.000979298898856468
14.1623115577889,0.110255468315613,0.23439613302093,11.5090452261307,0.0503270628570271,0.000958820305419768
14.2422110552764,0.110254163837695,0.258383455291796,11.5738693467337,0.0503270221990469,0.000941993526688591
14.3221105527638,0.110252932729039,0.281521688184654,11.6386934673367,0.0503269843643477,0.000928167358238936
14.4020100502513,0.110251770973036,0.303421280580929,11.7035175879397,0.0503269491488084,0.000916806720706811
14.4819095477387,0.110250674771317,0.325013062489641,11.7683417085427,0.0503269163629957,0.000907471951959692
14.5618090452261,0.110249640532367,0.320118176305165,11.8331658291457,0.0503268858311661,0.000899801791960681
14.6417085427136,0.110248664860632,0.298383946450588,11.8979899497487,0.0503268573903385,0.000893499401831463
14.721608040201,0.110247744546075,0.277882410940745,11.9628140703518,0.05032683088943,0.000888320876045043
14.8015075376884,0.110246876554168,0.258995575129888,12.0276381909548,0.0503268061884547,0.000884065803164633
14.8814070351759,0.110246058016321,0.241477531607162,12.0924623115578,0.0503267831577774,0.000880569509824726
14.9613065326633,0.110245286220764,0.227244945362809,12.1572864321608,0.0503267616774198,0.000877696687792713
15.0412060301508,0.110244558603856,0.202637810406664,12.2221105527638,0.0503267416364123,0.000875336157475245
15.1211055276382,0.110243872741835,0.231827914654227,12.2869346733668,0.0503267229321868,0.000873396565214536
15.2010050251256,0.110243226342986,0.255705077329403,12.3517587939698,0.0503267054700061,0.000871802847857908
15.2809045226131,0.110242617240193,0.279004960448994,12.4165829145729,0.0503266891624233,0.000870493327777699
15.3608040201005,0.110242043383869,0.301049880364983,12.4814070351759,0.0503266739287693,0.000869417325917433
15.4407035175879,0.110241502835232,0.32263282557822,12.5462311557789,0.0503266596946634,0.000868533200487979
15.5206030150754,0.110240993759918,0.322508707580258,12.6110552763819,0.050326646391545,0.000867806735410293
15.6005025125628,0.110240514421924,0.300718212904101,12.6758793969849,0.0503266339562248,0.000867209816136723
15.6804020100503,0.110240063177873,0.280040677809912,12.7407035175879,0.0503266223304554,0.059382989680518
15.7603015075377,0.110239638471618,0.261185939032754,12.805527638191,0.05032661146052,0.117283468089334
15.8402010050251,0.110239238829173,0.243392097883651,12.870351758794,0.0503266012968414,0.168963087194125
15.9201005025126,0.110238862853988,0.228581844010114,12.935175879397,0.0503265917936126,0.214434567799446
16,0.110238509222559,0.19601663159595,13,0.0503265829084497,0.25619596868945
